﻿<?xml version="1.0" encoding="utf-8" ?>
<TrustFrameworkPolicy 
  xmlns:xsi="http://www.w3.org/2001/XMLSchema-instance" 
  xmlns:xsd="http://www.w3.org/2001/XMLSchema" 
  xmlns="http://schemas.microsoft.com/online/cpim/schemas/2013/06" 
  PolicySchemaVersion="0.3.0.0" 
  TenantId="yourtenant.onmicrosoft.com" 
  PolicyId="B2C_1A_TrustFrameworkExtensions" 
  PublicPolicyUri="http://yourtenant.onmicrosoft.com/B2C_1A_TrustFrameworkExtensions">
  
  <BasePolicy>
    <TenantId>yourtenant.onmicrosoft.com</TenantId>
    <PolicyId>B2C_1A_TrustFrameworkBase</PolicyId>
  </BasePolicy>
  <BuildingBlocks>
    <ClaimsSchema>
      <!-- Claim that stores the access token of the identity provider -->
      <ClaimType Id="identityProviderAccessToken">
        <DisplayName>Identity Provider Access Token</DisplayName>
        <DataType>string</DataType>
        <AdminHelpText>Stores the access token of the identity provider.</AdminHelpText>
      </ClaimType>

      <ClaimType Id="nullStringClaim">
        <DisplayName>nullClaim</DisplayName>
        <DataType>string</DataType>
        <AdminHelpText>A policy claim to store unuseful output values from ClaimsTransformations. This claim should not be used in a TechnicalProfiles.</AdminHelpText>
        <UserHelpText>A policy claim to store unuseful output values from ClaimsTransformations. This claim should not be used in a TechnicalProfiles.</UserHelpText>
      </ClaimType>
    </ClaimsSchema>

    <ClaimsTransformations>
      <!-- LinkedIn Transformations -->
      <ClaimsTransformation Id="ExtractGivenNameFromLinkedInResponse" TransformationMethod="GetSingleItemFromJson">
        <InputClaims>
          <InputClaim ClaimTypeReferenceId="givenName" TransformationClaimType="inputJson" />
        </InputClaims>
        <OutputClaims>
          <OutputClaim ClaimTypeReferenceId="nullStringClaim" TransformationClaimType="key" />
          <OutputClaim ClaimTypeReferenceId="givenName" TransformationClaimType="value" />
        </OutputClaims>
      </ClaimsTransformation>
      <ClaimsTransformation Id="ExtractSurNameFromLinkedInResponse" TransformationMethod="GetSingleItemFromJson">
        <InputClaims>
          <InputClaim ClaimTypeReferenceId="surname" TransformationClaimType="inputJson" />
        </InputClaims>
        <OutputClaims>
          <OutputClaim ClaimTypeReferenceId="nullStringClaim" TransformationClaimType="key" />
          <OutputClaim ClaimTypeReferenceId="surname" TransformationClaimType="value" />
        </OutputClaims>
      </ClaimsTransformation>
    </ClaimsTransformations>
  </BuildingBlocks>

  <ClaimsProviders>
    <ClaimsProvider>
      <Domain>linkedin.com</Domain>
      <DisplayName>LinkedIn</DisplayName>
      <TechnicalProfiles>
        <TechnicalProfile Id="LinkedIn-OAUTH">
          <DisplayName>LinkedIn</DisplayName>
          <Protocol Name="OAuth2" />
          <Metadata>
              <Item Key="ProviderName">linkedin</Item>
              <Item Key="authorization_endpoint">https://www.linkedin.com/oauth/v2/authorization</Item>
              <Item Key="AccessTokenEndpoint">https://www.linkedin.com/oauth/v2/accessToken</Item>
              <Item Key="ClaimsEndpoint">https://api.linkedin.com/v2/me</Item>
              <Item Key="scope">r_emailaddress r_liteprofile</Item>
              <Item Key="HttpBinding">POST</Item>
              <Item Key="external_user_identity_claim_id">id</Item>
              <Item Key="BearerTokenTransmissionMethod">AuthorizationHeader</Item>
              <Item Key="ResolveJsonPathsInJsonTokens">true</Item>
              <Item Key="UsePolicyInRedirectUri">0</Item>
              <Item Key="client_id">LinkedIn client_id</Item>
          </Metadata>
          <CryptographicKeys>
              <Key Id="client_secret" StorageReferenceId="B2C_1A_LinkedInSecret" />
          </CryptographicKeys>
          <InputClaims />
          <OutputClaims>
              <OutputClaim ClaimTypeReferenceId="issuerUserId" PartnerClaimType="id" />
              <OutputClaim ClaimTypeReferenceId="givenName" PartnerClaimType="firstName.localized" />
              <OutputClaim ClaimTypeReferenceId="surname" PartnerClaimType="lastName.localized" />
              <OutputClaim ClaimTypeReferenceId="identityProvider" DefaultValue="linkedin.com" AlwaysUseDefaultValue="true" />
              <OutputClaim ClaimTypeReferenceId="authenticationSource" DefaultValue="socialIdpAuthentication" AlwaysUseDefaultValue="true" />
              <OutputClaim ClaimTypeReferenceId="identityProviderAccessToken" PartnerClaimType="{oauth2:access_token}" />
          </OutputClaims>
          <OutputClaimsTransformations>
              <OutputClaimsTransformation ReferenceId="ExtractGivenNameFromLinkedInResponse" />
              <OutputClaimsTransformation ReferenceId="ExtractSurNameFromLinkedInResponse" />
              <OutputClaimsTransformation ReferenceId="CreateRandomUPNUserName" />
              <OutputClaimsTransformation ReferenceId="CreateUserPrincipalName" />
              <OutputClaimsTransformation ReferenceId="CreateAlternativeSecurityId" />
              <OutputClaimsTransformation ReferenceId="CreateSubjectClaimFromAlternativeSecurityId" />
          </OutputClaimsTransformations>
          <UseTechnicalProfileForSessionManagement ReferenceId="SM-SocialLogin" />
          </TechnicalProfile>
        </TechnicalProfiles>
    </ClaimsProvider>

    <ClaimsProvider> 
      <DisplayName>REST APIs</DisplayName>
      <TechnicalProfiles>
        <TechnicalProfile Id="API-LinkedInEmail">
          <DisplayName>Get LinkedIn email</DisplayName>
          <Protocol Name="Proprietary" Handler="Web.TPEngine.Providers.RestfulProvider, Web.TPEngine, Version=1.0.0.0, Culture=neutral, PublicKeyToken=null" />
          <Metadata>
              <Item Key="ServiceUrl">https://api.linkedin.com/v2/emailAddress?q=members&amp;projection=(elements*(handle~))</Item>
              <Item Key="AuthenticationType">Bearer</Item>
              <Item Key="UseClaimAsBearerToken">identityProviderAccessToken</Item>
              <Item Key="SendClaimsIn">Url</Item>
              <Item Key="ResolveJsonPathsInJsonTokens">true</Item>
          </Metadata>
          <InputClaims>
              <InputClaim ClaimTypeReferenceId="identityProviderAccessToken" />
          </InputClaims>
          <OutputClaims>
              <OutputClaim ClaimTypeReferenceId="email" PartnerClaimType="elements[0].handle~.emailAddress" />
          </OutputClaims>
          <UseTechnicalProfileForSessionManagement ReferenceId="SM-Noop" />
        </TechnicalProfile>
      </TechnicalProfiles>
    </ClaimsProvider>

    <ClaimsProvider>
      <DisplayName>Local Account SignIn</DisplayName>
      <TechnicalProfiles>
        <TechnicalProfile Id="login-NonInteractive">
          <Metadata>
            <Item Key="client_id">ProxyIdentityExperienceFrameworkAppId</Item>
            <Item Key="IdTokenAudience">IdentityExperienceFrameworkAppId</Item>
          </Metadata>
          <InputClaims>
            <InputClaim ClaimTypeReferenceId="client_id" DefaultValue="ProxyIdentityExperienceFrameworkAppId" />
            <InputClaim ClaimTypeReferenceId="resource_id" PartnerClaimType="resource" DefaultValue="IdentityExperienceFrameworkAppId" />
          </InputClaims>
        </TechnicalProfile>
      </TechnicalProfiles>
    </ClaimsProvider>
  </ClaimsProviders>

  <UserJourneys>

    <UserJourney Id="SignUpOrSignInWithLinkedIn">
      <OrchestrationSteps>
      
        <OrchestrationStep Order="1" Type="CombinedSignInAndSignUp" ContentDefinitionReferenceId="api.signuporsignin">
          <ClaimsProviderSelections>
            <ClaimsProviderSelection TargetClaimsExchangeId="LinkedInExchange" />
            <ClaimsProviderSelection ValidationClaimsExchangeId="LocalAccountSigninEmailExchange" />
          </ClaimsProviderSelections>
          <ClaimsExchanges>
            <ClaimsExchange Id="LocalAccountSigninEmailExchange" TechnicalProfileReferenceId="SelfAsserted-LocalAccountSignin-Email" />
          </ClaimsExchanges>
        </OrchestrationStep>

        <!-- Check if the user has selected to sign in using one of the social providers -->
        <OrchestrationStep Order="2" Type="ClaimsExchange">
          <Preconditions>
            <Precondition Type="ClaimsExist" ExecuteActionsIf="true">
              <Value>objectId</Value>
              <Action>SkipThisOrchestrationStep</Action>
            </Precondition>
          </Preconditions>
          <ClaimsExchanges>
            <ClaimsExchange Id="LinkedInExchange" TechnicalProfileReferenceId="LinkedIn-OAUTH" />
            <ClaimsExchange Id="SignUpWithLogonEmailExchange" TechnicalProfileReferenceId="LocalAccountSignUpWithLogonEmail" />
          </ClaimsExchanges>
        </OrchestrationStep>

        <!-- Extra step for LinkedIn to get the email -->
        <OrchestrationStep Order="3" Type="ClaimsExchange">
          <Preconditions>
            <Precondition Type="ClaimsExist" ExecuteActionsIf="false">
              <Value>identityProvider</Value>
              <Action>SkipThisOrchestrationStep</Action>
            </Precondition>
            <Precondition Type="ClaimEquals" ExecuteActionsIf="false">
              <Value>identityProvider</Value>
              <Value>linkedin.com</Value>
              <Action>SkipThisOrchestrationStep</Action>
            </Precondition>
          </Preconditions>
          <ClaimsExchanges>
              <ClaimsExchange Id="GetEmail" TechnicalProfileReferenceId="API-LinkedInEmail" />
          </ClaimsExchanges>
        </OrchestrationStep>

        <!-- For social IDP authentication, attempt to find the user account in the directory. -->
        <OrchestrationStep Order="4" Type="ClaimsExchange">
          <Preconditions>
            <Precondition Type="ClaimEquals" ExecuteActionsIf="true">
              <Value>authenticationSource</Value>
              <Value>localAccountAuthentication</Value>
              <Action>SkipThisOrchestrationStep</Action>
            </Precondition>
          </Preconditions>
          <ClaimsExchanges>
            <ClaimsExchange Id="AADUserReadUsingAlternativeSecurityId" TechnicalProfileReferenceId="AAD-UserReadUsingAlternativeSecurityId-NoError" />
          </ClaimsExchanges>
        </OrchestrationStep>

        <!-- Show self-asserted page only if the directory does not have the user account already (i.e. we do not have an objectId). 
          This can only happen when authentication happened using a social IDP. If local account was created or authentication done
          using ESTS in step 2, then an user account must exist in the directory by this time. -->
        <OrchestrationStep Order="5" Type="ClaimsExchange">
          <Preconditions>
            <Precondition Type="ClaimsExist" ExecuteActionsIf="true">
              <Value>objectId</Value>
              <Action>SkipThisOrchestrationStep</Action>
            </Precondition>
          </Preconditions>
          <ClaimsExchanges>
            <ClaimsExchange Id="SelfAsserted-Social" TechnicalProfileReferenceId="SelfAsserted-Social" />
          </ClaimsExchanges>
        </OrchestrationStep>

        <!-- This step reads any user attributes that we may not have received when authenticating using ESTS so they can be sent 
          in the token. -->
        <OrchestrationStep Order="6" Type="ClaimsExchange">
          <Preconditions>
            <Precondition Type="ClaimEquals" ExecuteActionsIf="true">
              <Value>authenticationSource</Value>
              <Value>socialIdpAuthentication</Value>
              <Action>SkipThisOrchestrationStep</Action>
            </Precondition>
          </Preconditions>
          <ClaimsExchanges>
            <ClaimsExchange Id="AADUserReadWithObjectId" TechnicalProfileReferenceId="AAD-UserReadUsingObjectId" />
          </ClaimsExchanges>
        </OrchestrationStep>
        <!-- The previous step (SelfAsserted-Social) could have been skipped if there were no attributes to collect 
             from the user. So, in that case, create the user in the directory if one does not already exist 
             (verified using objectId which would be set from the last step if account was created in the directory. -->
        <OrchestrationStep Order="7" Type="ClaimsExchange">
          <Preconditions>
            <Precondition Type="ClaimsExist" ExecuteActionsIf="true">
              <Value>objectId</Value>
              <Action>SkipThisOrchestrationStep</Action>
            </Precondition>
          </Preconditions>
          <ClaimsExchanges>
            <ClaimsExchange Id="AADUserWrite" TechnicalProfileReferenceId="AAD-UserWriteUsingAlternativeSecurityId" />
          </ClaimsExchanges>
        </OrchestrationStep>
 
        <OrchestrationStep Order="8" Type="SendClaims" CpimIssuerTechnicalProfileReferenceId="JwtIssuer" />
 
      </OrchestrationSteps>
      <ClientDefinition ReferenceId="DefaultWeb" />
    </UserJourney>

  </UserJourneys>

</TrustFrameworkPolicy>
