<TrustFrameworkPolicy xmlns:xsi="http://www.w3.org/2001/XMLSchema-instance"
  xmlns:xsd="http://www.w3.org/2001/XMLSchema"
  xmlns="http://schemas.microsoft.com/online/cpim/schemas/2013/06" PolicySchemaVersion="0.3.0.0" 
    TenantId="yourtenant.onmicrosoft.com" 
    PolicyId="B2C_1A_TrustFrameworkExtensions" 
    PublicPolicyUri="http://yourtenant.onmicrosoft.com/B2C_1A_TrustFrameworkExtensions">
  <BasePolicy>
    <TenantId>yourtenant.onmicrosoft.com</TenantId>
    <PolicyId>B2C_1A_TrustFrameworkBase</PolicyId>
  </BasePolicy>
  <BuildingBlocks>
    <ClaimsSchema>
      <ClaimType Id="oldPassword">
        <DisplayName>Old Password</DisplayName>
        <DataType>string</DataType>
        <UserHelpText>Enter password</UserHelpText>
        <UserInputType>Password</UserInputType>
      </ClaimType>
    </ClaimsSchema>
  </BuildingBlocks>
  <ClaimsProviders>
    <ClaimsProvider>
      <DisplayName>Local Account SignIn</DisplayName>
      <TechnicalProfiles>
        <TechnicalProfile Id="login-NonInteractive-PasswordChange">
          <DisplayName>Local Account SignIn</DisplayName>
          <InputClaims>
            <InputClaim ClaimTypeReferenceId="oldPassword" PartnerClaimType="password" Required="true" />
          </InputClaims>
          <IncludeTechnicalProfile ReferenceId="login-NonInteractive" />
        </TechnicalProfile>
      </TechnicalProfiles>
    </ClaimsProvider>
    <ClaimsProvider>
      <DisplayName>Local Account Password Change</DisplayName>
      <TechnicalProfiles>
        <TechnicalProfile Id="LocalAccountWritePasswordChangeUsingObjectId">
          <DisplayName>Change password (username)</DisplayName>
          <Protocol Name="Proprietary" Handler="Web.TPEngine.Providers.SelfAssertedAttributeProvider, Web.TPEngine, Version=1.0.0.0, Culture=neutral, PublicKeyToken=null" />
          <Metadata>
            <Item Key="ContentDefinitionReferenceId">api.selfasserted</Item>
          </Metadata>
          <InputClaims>
            <InputClaim ClaimTypeReferenceId="objectId" />
          </InputClaims>
          <OutputClaims>
            <OutputClaim ClaimTypeReferenceId="oldPassword" Required="true" />
            <OutputClaim ClaimTypeReferenceId="newPassword" Required="true" />
            <OutputClaim ClaimTypeReferenceId="reenterPassword" Required="true" />
          </OutputClaims>
          <ValidationTechnicalProfiles>
            <ValidationTechnicalProfile ReferenceId="login-NonInteractive-PasswordChange" />
            <ValidationTechnicalProfile ReferenceId="AAD-UserWritePasswordUsingObjectId" />
          </ValidationTechnicalProfiles>
        </TechnicalProfile>
      </TechnicalProfiles>
    </ClaimsProvider>
  </ClaimsProviders>
  <UserJourneys>
    <UserJourney Id="PasswordChange">
      <OrchestrationSteps>
        <OrchestrationStep Order="1" Type="ClaimsProviderSelection" ContentDefinitionReferenceId="api.signuporsignin">
          <ClaimsProviderSelections>
            <ClaimsProviderSelection TargetClaimsExchangeId="LocalAccountSigninEmailExchange" />
          </ClaimsProviderSelections>
        </OrchestrationStep>
        <OrchestrationStep Order="2" Type="ClaimsExchange">
          <ClaimsExchanges>
            <ClaimsExchange Id="LocalAccountSigninEmailExchange" TechnicalProfileReferenceId="SelfAsserted-LocalAccountSignin-Email" />
          </ClaimsExchanges>
        </OrchestrationStep>
        <OrchestrationStep Order="3" Type="ClaimsExchange">
          <ClaimsExchanges>
            <ClaimsExchange Id="NewCredentials" TechnicalProfileReferenceId="LocalAccountWritePasswordChangeUsingObjectId" />
          </ClaimsExchanges>
        </OrchestrationStep>
        <OrchestrationStep Order="4" Type="ClaimsExchange">
          <ClaimsExchanges>
            <ClaimsExchange Id="AADUserReadWithObjectId" TechnicalProfileReferenceId="AAD-UserReadUsingObjectId" />
          </ClaimsExchanges>
        </OrchestrationStep>
        <OrchestrationStep Order="5" Type="SendClaims" CpimIssuerTechnicalProfileReferenceId="JwtIssuer" />
      </OrchestrationSteps>
      <ClientDefinition ReferenceId="DefaultWeb" />
    </UserJourney>
  </UserJourneys>
</TrustFrameworkPolicy>
